{
    "DB": {
        "Host":"localhost", 
        "User":"root", 
        "Password":"",
        "DatabaseName": "beermoney"
    },
    "DB2": {
        "Host":"localhost", 
        "User":"root", 
        "Password":"",
        "DatabaseName": "beermoney_io"
    },
    "binance": {
      "public": "gqv6QLo33ZT1zXSjn6TwVtd1UDB670xH9E31AY5kvXugHPXdAEqAlVEYFW205EvD",
      "secret": "YF16NShNt7gBSUfRjK4lLWZy83pW3v0BXEPMqZFSrfveVnQ7trRyLRwrLZfZavxv"
    },
    "telegram":{
        "key":"1797826423:AAFkTGbGqgpU_m4Z-uciSww5lB0SDlzelOo",
        "secret": "b33rm0n3yb0t"
    },
    "channel":"-1001387921667"
}